Frequency_Hz,Magnitude_dB,Phase_deg
1.0,-13.07524969165927,-60.12940505383941
1.023292992280754,-12.821340911016145,-60.70283764945675
1.0471285480508994,-12.568883714935797,-61.27032741915821
1.0715193052376062,-12.317830204309661,-61.83180463649101
1.0964781961431846,-12.068132151727697,-62.387215015671
1.1220184543019631,-11.819741109305475,-62.936519687200864
1.1481536214968824,-11.572608513954819,-63.479695143622585
1.174897554939529,-11.326685789986023,-64.01673315808438
1.2022644346174125,-11.081924448981269,-64.54764067832289
1.2302687708123812,-10.838276186925711,-65.07243969854866
1.2589254117941668,-10.595692978627566,-65.59116711157404
1.2882495516931336,-10.35412716949811,-66.10387454334573
1.3182567385564068,-10.113531564798663,-66.61062817183898
1.3489628825916533,-9.873859516491603,-67.11150853204525
1.3803842646028845,-9.635065007859225,-67.6066103085388
1.412537544622754,-9.397102736074382,-68.09604211684788
1.445439770745927,-9.159928192921932,-68.57992627458616
1.4791083881682068,-8.923497743880397,-69.0583985630202
1.5135612484362075,-8.687768705776923,-69.5316079794699
1.5488166189124806,-8.452699423228163,-69.99971648065535
1.5848931924611127,-8.218249344072584,-70.46289871682974
1.6218100973589291,-7.984379093987947,-70.92134175626768
1.6595869074375598,-7.751050550470828,-71.3752447994224
1.6982436524617435,-7.5182269163327,-71.82481888182318
1.7378008287493745,-7.285872792839967,-72.27028656456288
1.7782794100389216,-7.053954252594439,-72.7118816110236
1.819700858609982,-6.822438912214384,-73.1498486483163
1.862087136662866,-6.59129600483742,-73.5844428117628
1.9054607179632457,-6.360496452423151,-74.01592937063829
1.9498445997580438,-6.1300129377876775,-74.44458333331434
1.995262314968878,-5.89981997625472,-74.87068902990276
2.0417379446695274,-5.6698939867569464,-75.29453967050601
2.0892961308540374,-5.440213362171573,-75.71643687722194
2.13796208950223,-5.210758538622518,-76.13669018814328
2.1877616239495503,-4.981512063430897,-76.55561653172855
2.238721138568337,-4.752458661346697,-76.97353967010464
2.2908676527677705,-4.523585298647726,-77.39078961009251
2.3442288153199193,-4.2948812446486215,-77.80770198102304
2.3988329190194877,-4.066338130123071,-78.22461737873519
2.4547089156850275,-3.8379500021091917,-78.64188067550863
2.511886431509577,-3.60971337454035,-79.05984029608835
2.5703957827688604,-3.3816272741224673,-79.47884746039757
2.630267991895378,-3.153693280868098,-79.89925539399695
2.691534803926912,-2.9259155626926043,-80.32141850784275
2.7542287033381627,-2.6983009034848493,-80.74569154939769
2.8183829312644497,-2.470858724080754,-81.17242872766019
2.8840315031266015,-2.2436010955948045,-81.60198281518826
2.951209226666381,-2.0165427446020128,-82.0347042306916
3.0199517204020117,-1.7897010497110277,-82.47094010624134
3.0902954325135856,-1.5630960291275913,-82.91103334359255
3.162277660168374,-1.3367503188757381,-83.35532166451613
3.2359365692962774,-1.110689141422379,-83.80413666038615
3.3113112148259054,-0.8849402645362145,-84.25780284655772
3.38844156139202,-0.6595339503054145,-84.71663672728685
3.4673685045253104,-0.4345028943364857,-85.18094587708487
3.5481338923357484,-0.20988215525990075,-85.65102804445111
3.630780547701007,0.014290925228086173,-86.12717028389801
3.7153522909717185,0.23797681145247096,-86.60964812205015
3.801893963205605,0.46113387153828134,-87.09872476338523
3.8904514499427987,0.6837184833442255,-87.59465034086752
3.9810717055349647,0.9056851479218552,-88.09766121632768
4.073802778041119,1.126986609785744,-88.60797933495803
4.168693834703346,1.3475739832049483,-89.12581163773363
4.265795188015918,1.5673968836625518,-89.65134953494449
4.365158322401651,1.7864035635792177,-90.18476844334349
4.466835921509622,2.004541051361124,-90.72622738869693
4.570881896148741,2.2217552928101805,-91.2758686747696
4.677351412871972,2.4379912939301005,-91.8338176190192
4.786300923226373,2.653193264171229,-92.40018235451305
4.897788193684452,2.8673047591833614,-92.97505369683864
5.011872336272712,3.0802688221866052,-93.55850507407061
5.128613839913638,3.292028123125674,-94.15059251719765
5.248074602497715,3.502525094840675,-94.75135470780974
5.370317963702516,3.711702065567641,-95.36081307932118
5.495408738576233,3.9195013871705893,-95.97897196755882
5.623413251903478,4.12586555860392,-96.60581880619091
5.754399373371556,4.3307373442061134,-97.24132436221569
5.888436553555876,4.534059886530939,-97.88544300657085
6.025595860743564,4.735776813528851,-98.53811301487212
6.165950018614807,4.935832339995697,-99.1992568933315
6.309573444801917,5.134171363307351,-99.86878172505112
6.4565422903465395,5.33073955355435,-100.54657953212225
6.606934480075944,5.525483438278014,-101.23252764927607
6.7608297539198015,5.718350482088508,-101.92648910522779
6.918309709189348,5.909289161512614,-102.62831300831307
7.079457843841362,6.098249035474743,-103.3378349335251
7.244359600749883,6.285180811857254,-104.05487730861098
7.413102413009157,6.470036410615824,-104.77924979746227
7.585775750291819,6.652769023940662,-105.51074967962369
7.762471166286898,6.83333317395637,-106.24916222533182
7.9432823472427945,7.011684768441466,-106.9942610660709
8.128305161640972,7.187781155024155,-107.74580856118071
8.31763771102669,7.361581174274365,-108.5035561615625
8.511380382023743,7.533045212064682,-109.26724477198934
8.709635899560784,7.702135251515806,-110.03660511393191
8.912509381337431,7.868814924777096,-110.81135809114832
9.120108393559072,8.033049564820848,-111.59121516054982
9.332543007969884,8.194806257352717,-112.37587871104483
9.549925860214332,8.354053892860717,-113.16504245316698
9.772372209558078,8.510763218744767,-113.95839182232112
9.99999999999997,8.664906891388148,-114.75560439842168
10.23292992280751,8.8164595279544,-115.55635034456219
10.471285480508964,8.965397757619368,-116.36029286713992
10.715193052376032,9.111700271879666,-117.16708869957506
10.964781961431816,9.255347873517882,-117.97638861141358
11.220184543019599,9.396323523751972,-118.78783794419367
11.481536214968791,9.53461238705344,-119.60107717500132
11.748975549395258,9.670201873086006,-120.41574250814242
12.02264434617409,9.803081675195347,-121.23146649483745
12.302687708123775,9.93324380487056,-122.0478786803017
12.58925411794163,10.060682621600215,-122.86460627702665
12.882495516931296,10.185394857559993,-123.6812748625364
13.182567385564026,10.307379636594385,-124.4975090993657
13.489628825916489,10.426638486991589,-125.3129334745078
13.8038426460288,10.543175347597884,-126.1271730551164
14.125375446227492,10.656996566873927,-126.93985425683131
14.454397707459222,10.768110894560184,-127.75060562073323
14.79108388168202,10.87652946569012,-128.55905859463186
15.135612484362026,10.982265776766944,-129.3648483141577
15.488166189124756,11.085335654000556,-130.1676143789595
15.848931924611076,11.185757213585092,-130.96700161921956
16.218100973589237,11.28355081408165,-131.76266084767855
16.595869074375543,11.378739001054413,-132.55424959241392
16.982436524617377,11.471346444189932,-133.34143280574133
17.378008287493685,11.561399867207014,-134.12388354479748
17.782794100389157,11.648927970937532,-134.90128361961507
18.197008586099763,11.733961350025346,-135.6733242048097
18.620871366628602,11.816532403750058,-136.43970641135397
19.0546071796324,11.89667524153438,-137.2001418153142
19.49844599758038,11.974425583736945,-137.95435294085436
19.95262314968872,12.049820658367134,-138.70207369527077
20.417379446695215,12.122899094383627,-139.4430497542913
20.892961308540315,12.193700812254601,-140.17703889635487
21.37962089502224,12.262266912464808,-140.90381128506598
21.877616239495442,12.328639562653132,-141.62314969949236
22.387211385683308,12.392861884054689,-142.33484971243055
22.90867652767764,12.454977837904242,-143.03871981720047
23.442288153199126,12.515032112433415,-143.73458150394077
23.988329190194808,12.573070011063958,-144.4222692867533
24.547089156850202,12.629137342363704,-145.1016306833909
25.118864315095696,12.68328031229162,-145.77252614948662
25.70395782768853,12.73554541921506,-146.43482896958952
26.302679918953707,12.785979352135543,-147.08842510749815
26.91534803926904,12.834628892511832,-147.7332130185674
27.542287033381545,12.88154082001936,-148.36910342680721
28.183829312644416,12.926761822536054,-148.9960190697008
28.840315031265934,12.97033841059536,-149.61389441373223
29.51209226666373,13.012316836499345,-150.2226753436509
30.19951720402003,13.05274301823847,-150.82231882849553
30.90295432513577,13.091662468320163,-151.41279256737295
31.622776601683654,13.129120227566498,-151.994074617928
32.35936569296268,13.165160803902186,-152.5661530103597
33.11311214825896,13.199828116117738,-153.12902534973796
33.884415613920105,13.233165442559937,-153.68269840925515
34.67368504525301,13.26521537467161,-154.22718771691393
35.481338923357384,13.296019775276552,-154.76251713800832
36.30780547700997,13.32561974148188,-155.28871845560005
37.15352290971708,13.354055572050408,-155.8058309510367
38.01893963205595,13.381366739078382,-156.31390098639142
38.90451449942788,13.407591863800185,-156.8129815905439
39.81071705534954,13.432768696330452,-157.3031320504571
40.73802778041109,13.456934099145519,-157.78441750904454
41.68693834703335,13.48012403409996,-158.25690857086556
42.65795188015907,13.502373552770504,-158.72068091673512
43.65158322401639,13.52371678991747,-159.17581492818795
44.6683592150961,13.544186959854141,-159.62239532259997
45.70881896148729,13.563816355516236,-160.06051079963638
46.7735141287196,13.582636350026503,-160.4902536995757
47.86300923226361,13.600677400554167,-160.91171967394183
48.97788193684438,13.61796905427399,-161.32500736877108
50.11872336272698,13.634539956236186,-161.73021812074384
51.286138399136235,13.650417858965458,-162.12745566631992
52.480746024977,13.665629633614838,-162.51682586393673
53.70317963702501,13.680201282508015,-162.8984364292562
54.954087385762186,13.694157952912306,-163.27239668338063
56.23413251903463,13.707523951892643,-163.6388173139007
57.54399373371541,13.72032276210587,-163.9978101485874
58.88436553555861,13.732577058402942,-164.34948794149582
60.255958607435474,13.744308725115385,-164.69396417121078
61.65950018614791,13.755538873910815,-165.03135285093208
63.09573444801901,13.766287862110344,-165.3617683500709
64.56542290346522,13.77657531136905,-165.68532522700542
66.06934480075925,13.786420126628226,-166.00213807262875
67.60829753919782,13.795840515255698,-166.31232136430677
69.18309709189329,13.804854006297669,-166.61598932985493
70.79457843841342,13.813477469772454,-166.91325582113737
72.44359600749863,13.821727135942739,-167.20423419688663
74.13102413009136,13.829618614509533,-167.48903721434365
75.85775750291798,13.837166913676455,-167.76777692931748
77.62471166286876,13.844386459038617,-168.0405646042694
79.43282347242773,13.85129111225552,-168.30751062403039
81.2830516164095,13.857894189471908,-168.56872441876868
83.17637711026666,13.864208479455474,-168.82431439383126
85.1138038202372,13.870246261423757,-169.07438786609345
87.0963589956076,13.876019322537093,-169.31905100646014
89.12509381337408,13.88153897503744,-169.55840878817403
91.20108393559049,13.886816073016519,-169.79256494059499
93.3254300796986,13.891861028799472,-170.02162190813078
95.49925860214309,13.896683828933059,-170.24568081400648
97.72372209558054,13.901294049769863,-170.4648414285765
99.99999999999946,13.905700872642283,-170.67920214189164
102.32929922807486,13.90991309862187,-170.8888599402494
104.71285480508938,13.91393916286194,-171.09391038646496
107.15193052376004,13.917787148522368,-171.29444760361477
109.64781961431788,13.921464800277569,-171.49056426201398
112.2018454301957,13.924979537409502,-171.68235156920343
114.81536214968762,13.928338466489052,-171.86989926273185
117.48975549395227,13.931548393649958,-172.05329560552832
120.22644346174059,13.934615836460434,-172.2326273836754
123.02687708123743,13.9375470353985,-172.40797990639794
125.89254117941597,13.940347964937434,-172.57943700809804
128.82495516931263,13.943024344248748,-172.74708105227188
131.82567385563993,13.945581647530258,-172.91099293715715
134.89628825916455,13.948025113967295,-173.07125210296564
138.03842646028764,13.95035975733557,-173.22793654056585
141.25375446227457,13.952590375254294,-173.38112280148965
144.54397707459188,13.954721558098502,-173.53088600914018
147.91083881681985,13.956757697579574,-173.6772998710932
151.3561248436199,13.95870299500315,-173.82043669238342
154.8816618912472,13.960561469213612,-173.9603673896785
158.4893192461104,13.962336964234328,-174.0971615062507
162.18100973589202,13.964033156612901,-174.23088722765675
165.95869074375506,13.965653562480629,-174.36161139805012
169.8243652461734,13.967201544335142,-174.48939953704655
173.78008287493645,13.968680317555338,-174.6143158570779
177.82794100389117,13.970092956657346,-174.7364232811656
181.9700858609972,13.97144240130048,-174.8557834610565
186.20871366628555,13.972731462051435,-174.97245679566407
190.54607179632347,13.97396282591555,-175.08650244976346
194.98445997580325,13.975139061643041,-175.1979783728922
199.52623149688665,13.976262624818466,-175.30694131841344
204.1737944669516,13.97733586274122,-175.41344686269952
208.92961308540256,13.978361019104833,-175.5175494243983
213.7962089502218,13.979340238482397,-175.61930228374888
218.77616239495381,13.980275570625569,-175.71875760191259
223.87211385683247,13.98116897458407,-175.81596644029244
229.08676527677576,13.982022322652693,-175.9109787798106
234.42288153199064,13.982837404152344,-176.00384354012365
239.88329190194744,13.983615929051679,-176.09460859875009
245.4708915685014,13.984359531435535,-176.18332081008904
251.18864315095632,13.985069772826177,-176.27002602431548
257.03957827688464,13.985748145363283,-176.35476910613062
263.0267991895364,13.986396074848287,-176.43759395335456
269.15348039268974,13.987014923658466,-176.51854351534777
275.4228703338148,13.987605993536212,-176.59765981124775
281.8382931264435,13.988170528258355,-176.67498394800984
288.4031503126586,13.988709716190604,-176.75055613824458
295.12092266663655,13.989224692731778,-176.82441571783974
301.9951720401995,13.989716542652317,-176.89660116336188
309.02954325135687,13.990186302331548,-176.96715010923026
316.2277660168357,13.990634961897854,-177.03609936465466
323.593656929626,13.99106346727583,-177.10348493033746
331.13112148258875,13.99147272214427,-177.16934201493265
338.84415613920015,13.991863589808865,-177.2337050512546
346.73685045252915,13.99223689499307,-177.29660771224255
354.8133892335729,13.992593425550634,-177.3580829266717
363.0780547700987,13.992933934103249,-177.41816289461093
371.5352290971698,13.993259139606248,-177.47687910262752
380.1893963205584,13.993569728845776,-177.53426233873668
389.04514499427773,13.993866357869969,-177.59034270709546
398.1071705534943,13.994149653357306,-177.6451496424445
407.3802778041097,13.994420213924649,-177.69871192429292
416.8693834703323,13.994678611377617,-177.75105769085084
426.5795188015895,13.99492539190582,-177.80221445270993
436.5158322401627,13.995161077225255,-177.85220910627424
446.6835921509598,13.995386165670267,-177.90106794694006
457.0881896148716,13.99560113323715,-177.9488166820309
467.7351412871947,13.995806434581564,-177.99548044348538
478.63009232263477,13.99600250397176,-178.04108380030533
489.7788193684425,13.996189756199517,-178.08565077076074
501.1872336272685,13.996368587450759,-178.12920483435892
512.861383991361,13.996539376137342,-178.17176894357914
524.8074602497686,13.996702483692031,-178.2133655353745
537.0317963702487,13.996858255328124,-178.25401654244467
549.5408738576203,13.997007020765208,-178.29374340428328
562.3413251903447,13.997149094922715,-178.33256707800334
575.4399373371524,13.99728477858253,-178.3705080489397
588.8436553555844,13.997414359022118,-178.4075863410406
602.559586074353,13.997538110619425,-178.44382152703972
616.5950018614773,13.997656295430792,-178.4792327384238
630.9573444801882,13.997769163743122,-178.51383867519021
645.6542290346504,13.997876954601402,-178.5476576154017
660.6934480075907,13.997979896312632,-178.58070742454532
676.0829753919763,13.998078206927316,-178.61300556468885
691.8309709189309,13.99817209469938,-178.64456910344904
707.9457843841321,13.998261758525619,-178.67541472276636
724.4359600749841,13.998347388365367,-178.70555872749821
741.3102413009113,13.998429165641568,-178.73501705382202
758.5775750291774,13.998507263623752,-178.76380527746883
776.2471166286851,13.998581847793997,-178.79193862176916
794.3282347242747,13.99865307619642,-178.81943196553433
812.8305161640923,13.9987210997711,-178.84629985076413
831.7637711026639,13.998786062672961,-178.87255649018815
851.1380382023692,13.998848102576485,-178.89821577464718
870.9635899560732,13.998907350966675,-178.92329128030835
891.2509381337379,13.99896393341703,-178.9477962757272
912.0108393559019,13.99901796985506,-178.97174372875693
933.254300796983,13.999069574815872,-178.9951463133036
954.9925860214277,13.999118857684437,-179.01801641593312
977.2372209558022,13.999165922926943,-179.04036614233706
999.9999999999912,13.999210870311796,-179.0622073236541
1023.2929922807451,13.999253795120703,-179.08355152265273
1047.1285480508902,13.999294788350308,-179.10441003977556
1071.5193052375969,13.999333936904744,-179.1247939190528
1096.4781961431752,13.999371323779553,-179.1447139538873
1122.0184543019534,13.99940702823738,-179.16418069270327
1148.1536214968723,13.999441125975745,-179.1832044444811
1174.8975549395188,13.999473689287306,-179.2017952841593
1202.264434617402,13.999504787212928,-179.2199630579204
1230.2687708123703,13.999534485687835,-179.23771738836456
1258.9254117941557,13.999562847681293,-179.25506767955403
1288.2495516931222,13.9995899333299,-179.27202312196502
1318.256738556395,13.99961580006499,-179.28859269730614
1348.9628825916411,13.999640502734268,-179.30478518325157
1380.384264602872,13.999664093717968,-179.320609158052
1412.537544622741,13.999686623039818,-179.3360730050523
1445.4397707459138,13.999708138473054,-179.3511849170998
1479.1083881681934,13.99972868564155,-179.36595290086302
1513.5612484361939,13.999748308116551,-179.38038478104545
1548.8166189124668,13.999767047508946,-179.3944882045096
1584.8931924610986,13.99978494355748,-179.40827064430673
1621.8100973589146,13.999802034212914,-179.42173940361883
1659.5869074375448,13.999818355718471,-179.43490161960509
1698.243652461728,13.999833942686653,-179.4477642671687
1737.8008287493587,13.999848828172553,-179.4603341626377
1778.2794100389056,13.99986304374396,-179.47261796735924
1819.7008586099657,13.999876619548239,-179.48462219121734
1862.0871366628492,13.999889584376211,-179.49635319607216
1905.4607179632285,13.999901965723227,-179.50781719910677
1949.844599758026,13.999913789847394,-179.51902027613124
1995.26231496886,13.999925081825268,-179.52996836477104
2041.7379446695093,13.999935865605018,-179.54066726761752
2089.296130854019,13.999946164057151,-179.5511226552874
2137.962089502211,13.999955999023037,-179.56134006942247
2187.7616239495305,13.999965391361195,-179.571324925619
2238.721138568317,13.999974360991523,-179.58108251628383
2290.86765276775,13.999982926937495,-179.59061801344473
2344.2288153198983,13.999991107366547,-179.59993647146993
2398.832919019466,13.999998919628542,-179.60904282975778
2454.708915685005,14.000006380292598,-179.61794191533366
2511.8864315095543,14.000013505182196,-179.6266384454118
2570.3957827688373,14.000020309408725,-179.63513702988982
2630.2679918953545,14.000026807403547,-179.64344217378584
2691.5348039268874,14.000033012948567,-179.6515582796227
2754.2287033381376,14.000038939205483,-179.65948964975894
2818.3829312644243,14.000044598743669,-179.66724048866246
2884.0315031265754,14.000050003566848,-179.67481490514103
2951.2092266663544,14.00005516513856,-179.68221691450944
3019.951720401984,14.000060094406413,-179.6894504407218
3090.2954325135574,14.000064801825346,-179.69651931844575
3162.2776601683454,14.000069297379806,-179.70342729509503
3235.936569296248,14.000073590604883,-179.7101780328064
3311.311214825875,14.000077690606549,-179.71677511039184
3388.4415613919887,14.00008160608099,-179.72322202521718
3467.3685045252787,14.00008534533301,-179.72952219506595
3548.1338923357157,14.000088916293658,-179.73567895994836
3630.7805477009733,14.000092326537061,-179.74169558386802
3715.3522909716844,14.000095583296478,-179.74757525654206
3801.89396320557,14.000098693479616,-179.75332109510958
3890.451449942763,14.000101663683322,-179.75893614576827
3981.0717055349282,14.00010450020754,-179.7644233853895
4073.802778041082,14.000107209068691,-179.76978572309562
4168.693834703307,14.000109796012417,-179.77502600181577
4265.795188015879,14.000112266525788,-179.78014699976745
4365.15832240161,14.000114625848921,-179.78515143193556
4466.835921509581,14.000116878986093,-179.7900419515337
4570.881896148699,14.000119030716364,-179.79482115137304
4677.351412871929,14.000121085603718,-179.79949156526683
4786.300923226329,14.00012304800672,-179.80405566935798
4897.788193684407,14.000124922087778,-179.80851588343003
5011.872336272666,14.000126711821972,-179.8128745722014
5128.61383991359,14.000128421005474,-179.817134046559
5248.074602497666,14.000130053263613,-179.82129656480885
5370.317963702466,14.000131612058546,-179.82536433384536
5495.408738576182,14.000133100696619,-179.82933951033877
5623.413251903426,14.000134522335374,-179.83322420187955
5754.399373371502,14.000135879990234,-179.83702046806977
5888.436553555821,14.000137176540905,-179.84073032166341
6025.595860743507,14.000138414737522,-179.8443557295754
6165.950018614749,14.000139597206395,-179.84789861396897
6309.5734448018575,14.00014072645568,-179.85136085325402
6456.542290346478,14.00014180488061,-179.85474428308416
6606.934480075881,14.000142834768653,-179.85805069732703
6760.8297539197365,14.000143818304307,-179.8612818490344
6918.309709189281,14.00014475757375,-179.8644394513383
7079.457843841294,14.000145654569273,-179.86752517839247
7244.359600749813,14.000146511193499,-179.87054066624782
7413.102413009085,14.000147329263433,-179.87348751369885
7585.775750291745,14.000148110514278,-179.87636728316212
7762.471166286822,14.000148856603163,-179.87918150149326
7943.282347242717,14.00014956911262,-179.88193166078594
8128.305161640892,14.000150249553972,-179.88461921918156
8317.637711026608,14.00015089937051,-179.88724560161705
8511.380382023659,14.00015151994056,-179.88981220060782
8709.635899560699,14.00015211258043,-179.89232037697016
8912.509381337344,14.000152678547186,-179.89477146054514
9120.108393558983,14.000153219041302,-179.89716675091398
9332.543007969793,14.000153735209233,-179.89950751805605
9549.925860214238,14.000154228145824,-179.90179500306076
9772.372209557981,14.000154698896672,-179.90403041875078
9999.99999999987,14.000155148460278,-179.90621495037306
10232.929922807409,14.000155577790224,-179.90834975616784
10471.28548050886,14.000155987797186,-179.91043596801921
10715.193052375924,14.00015637935082,-179.91247469204822
10964.781961431707,14.000156753281669,-179.91446700921
11220.184543019488,14.00015711038288,-179.9164139758277
11481.536214968677,14.000157451411921,-179.91831662421367
11748.975549395142,14.000157777092145,-179.9201759631442
12022.644346173971,14.000158088114361,-179.92199297848012
12302.687708123653,14.000158385138299,-179.9237686335948
12589.254117941506,14.000158668793967,-179.92550386995921
12882.495516931169,14.000158939683045,-179.92719960762355
13182.567385563896,14.000159198380121,-179.92885674566827
13489.628825916358,14.000159445433924,-179.93047616272946
13803.842646028665,14.000159681368487,-179.93205871741864
14125.375446227354,14.00015990668425,-179.9336052488535
14454.39770745908,14.000160121859144,-179.93511657699707
14791.083881681874,14.000160327349588,-179.93659350316298
15135.612484361876,14.000160523591443,-179.9380368104472
15488.166189124602,14.000160711000966,-179.9394472641012
15848.931924610919,14.000160889975682,-179.940825611948
16218.100973589078,14.000161060895204,-179.94217258482806
16595.86907437538,14.000161224122099,-179.9434888968986
16982.43652461721,14.000161380002575,-179.94477524609567
17378.008287493514,14.00016152886728,-179.94603231444108
17782.794100388983,14.00016167103197,-179.94726076844222
18197.008586099582,14.000161806798197,-179.94846125947194
18620.871366628417,14.000161936453948,-179.9496344239884
19054.607179632207,14.000162060274224,-179.95078088407962
19498.44599758018,14.000162178521677,-179.9519012475642
19952.623149688516,14.000162291447122,-179.95299610850236
20417.379446695006,14.00016239929008,-179.9540660473782
20892.9613085401,14.000162502279316,-179.95511163148302
21379.620895022017,14.000162600633278,-179.95613341520942
21877.616239495215,14.000162694560574,-179.95713194032385
22387.211385683077,14.000162784260453,-179.9581077362445
22908.676527677402,14.000162869923171,-179.95906132037246
23442.288153198886,14.000162951730431,-179.95999319828582
23988.32919019456,14.000163029855763,-179.96090386406243
24547.08915684995,14.000163104464878,-179.96179380057876
25118.864315095438,14.000163175716027,-179.96266347968512
25703.957827688264,14.000163243760353,-179.96351336249896
26302.679918953436,14.000163308742176,-179.96434389959902
26915.348039268763,14.000163370799335,-179.9651555313925
27542.28703338126,14.000163430063461,-179.96594868820188
28183.829312644124,14.000163486660268,-179.96672379056972
28840.315031265636,14.000163540709798,-179.96748124945114
29512.09226666342,14.000163592326693,-179.96822146649023
30199.517204019714,14.000163641620453,-179.96894483413035
30902.954325135444,14.000163688695629,-179.96965173589973
31622.77660168332,14.000163733652071,-179.97034254665
32359.36569296234,14.000163776585142,-179.97101763261804
33113.11214825861,14.000163817585902,-179.97167735178851
33884.415613919744,14.000163856741333,-179.97232205388332
34673.68504525264,14.000163894134472,-179.9729520807886
35481.33892335701,14.000163929844645,-179.9735677665455
36307.805477009584,14.000163963947594,-179.97416943756693
37153.52290971669,14.00016399651566,-179.97475741289873
38018.93963205554,14.00016402761792,-179.97533200427475
38904.51449942747,14.000164057320347,-179.97589351635986
39810.717055349116,14.00016408568595,-179.97644224688787
40738.02778041065,14.000164112774886,-179.9769784867977
41686.938347032905,14.00016413864462,-179.9775025203673
42657.95188015862,14.000164163350021,-179.97801462550458
43651.58322401593,14.00016418694351,-179.9785150736597
44668.359215095625,14.000164209475104,-179.97900413027972
45708.818961486795,14.000164230992615,-179.97948205456672
46773.51412871909,14.00016425154167,-179.97994910001054
47863.00923226309,14.000164271165872,-179.98040551421207
48977.881936843856,14.00016428990684,-179.98085153912444
50118.72336272644,14.000164307804326,-179.98128741130537
51286.13839913568,14.000164324896291,-179.9817133618139
52480.74602497643,14.000164341218987,-179.98212961647363
53703.17963702443,14.00016435680705,-179.98253639603445
54954.08738576159,14.000164371693526,-179.98293391616562
56234.13251903402,14.000164385910004,-179.9833223876607
57543.993733714786,14.00016439948664,-179.98370201644343
58884.36553555797,14.000164412452216,-179.9840730038376
60255.958607434826,14.000164424834248,-179.9844355465271
61659.50018614724,14.000164436658999,-179.98478983672598
63095.734448018324,14.000164447951548,-179.9851360623125
64565.422903464525,14.000164458735853,-179.98547440682165
66069.34480075855,14.000164469034777,-179.98580504971093
67608.2975391971,14.000164478870175,-179.98612816619078
69183.09709189254,14.000164488262907,-179.9864439276493
70794.57843841266,14.000164497232904,-179.9867525015195
72443.59600749785,14.000164505799177,-179.98705405137602
74131.02413009056,14.000164513979902,-179.9873487371721
75857.75750291716,14.00016452179244,-179.98763671506552
77624.71166286792,14.000164529253354,-179.98791813777177
79432.82347242687,14.000164536378472,-179.98819315459517
81283.05161640861,14.000164543182912,-179.98846191110397
83176.37711026576,14.000164549681088,-179.98872455008328
85113.80382023628,14.000164555886807,-179.98898121065005
87096.35899560666,14.000164561813218,-179.98923202895017
89125.09381337311,14.000164567472904,-179.98947713789954
91201.0839355895,14.00016457287786,-179.98971666746635
93325.43007969759,14.000164578039549,-179.9899507446653
95499.25860214204,14.000164582968921,-179.9901794937044
97723.72209557948,14.000164587676448,-179.99040303563615
99999.99999999837,14.000164592172093,-179.99062148923375
102329.29922807374,14.000164596465396,-179.99083497026294
104712.85480508824,14.000164600565476,-179.9910435917754
107151.93052375889,14.00016460448102,-179.9912474644457
109647.8196143167,14.000164608220327,-179.9914466965819
112201.8454301945,14.00016461179135,-179.99164139351078
114815.36214968639,14.000164615201644,-179.9918316585812
117489.75549395103,14.00016461845845,-179.99201759281158
120226.44346173931,14.00016462156868,-179.9921992945155
123026.87708123613,14.000164624538927,-179.9923768602264
125892.54117941465,14.00016462737548,-179.9925503841364
128824.95516931127,14.000164630084377,-179.9927199580977
131825.67385563854,14.00016463267135,-179.99288567197496
134896.28825916312,14.000164635141887,-179.99304761397752
138038.4264602862,14.000164637501243,-179.9932058695311
141253.7544622731,14.0001646397544,-179.99336052281976
144543.97707459037,14.000164641906148,-179.99351165580163
147910.8388168183,14.000164643961053,-179.99365934853478
151356.1248436183,14.000164645923478,-179.99380367936084
154881.66189124557,14.000164647797572,-179.9939447248932
158489.31924610873,14.000164649587322,-179.99408255976763
162181.00973589031,14.000164651296515,-179.99421725709746
165958.6907437533,14.000164652928786,-179.99434888840324
169824.3652461716,14.000164654487595,-179.99447752337707
173780.08287493463,14.000164655976244,-179.99460323038366
177827.94100388928,14.00016465739789,-179.99472607576922
181970.08586099528,14.000164658755551,-179.99484612496502
186208.7136662836,14.000164660052107,-179.99496344158308
190546.0717963215,14.000164661290315,-179.99507808755666
194984.45997580123,14.000164662472788,-179.99519012397354
199526.23149688457,14.000164663602044,-179.99529961013107
204173.79446694948,14.00016466468048,-179.99540660402948
208929.6130854004,14.000164665710367,-179.995511162534
213796.20895021956,14.000164666693905,-179.99561334106005
218776.1623949515,14.000164667633184,-179.9957131935453
223872.1138568301,14.000164668530182,-179.99581077310089
229086.76527677337,14.000164669386805,-179.99590613152114
234422.88153198818,14.000164670204878,-179.99599931932676
239883.2919019449,14.00016467098613,-179.9960903859577
245470.8915684988,14.000164671732227,-179.99617937968307
251188.64315095366,14.000164672444733,-179.99626634764851
257039.57827688192,14.000164673125184,-179.99635133584906
263026.79918953363,14.000164673775002,-179.9964343896516
269153.4803926869,14.000164674395565,-179.996515552848
275422.87033381185,14.000164674988211,-179.9965948685508
281838.2931264405,14.000164675554181,-179.9966723788633
288403.1503126556,14.000164676094673,-179.99674812458116
295120.92266663344,14.000164676610847,-179.99682214650358
301995.17204019637,14.00016467710379,-179.99689448315397
309029.54325135367,14.000164677574533,-179.9969651733872
316227.76601683244,14.000164678024099,-179.9970342544317
323593.65692962264,14.000164678453435,-179.99710176296162
331131.1214825853,14.00016467886344,-179.99716773501376
338844.15613919665,14.00016467925499,-179.99723220528708
346736.8504525256,14.000164679628925,-179.9972952080105
354813.38923356927,14.000164679986025,-179.99735677645612
363078.054770095,14.000164680327053,-179.99741694363368
371535.22909716604,14.000164680652734,-179.99747574130961
380189.39632055454,14.000164680963756,-179.99753320029913
389045.1449942738,14.000164681260783,-179.99758935142773
398107.1705534903,14.000164681544442,-179.99764422443803
407380.2778041056,14.000164681815326,-179.9976978486864
416869.3834703281,14.000164682074026,-179.9977502518608
426579.5188015852,14.000164682321083,-179.9978014625022
436515.8322401583,14.000164682557017,-179.9978515070257
446683.5921509552,14.000164682782328,-179.9979004130314
457088.1896148669,14.000164682997509,-179.9979482052319
467735.1412871899,14.000164683202993,-179.9979949099228
478630.0923226299,14.00016468339924,-179.99804055130008
489778.8193684375,14.000164683586647,-179.998085154075
501187.2336272634,14.000164683765622,-179.99812874114312
512861.3839913558,14.000164683936545,-179.99817133624322
524807.4602497633,14.000164684099774,-179.99821296164905
537031.7963702432,14.000164684255648,-179.9982536396318
549540.8738576148,14.000164684404515,-179.99829339173615
562341.3251903391,14.000164684546675,-179.9983322387174
575439.9373371467,14.000164684682444,-179.99837020159345
588843.6553555785,14.000164684812098,-179.9984073001562
602559.586074347,14.000164684935923,-179.9984435545302
616595.0018614712,14.000164685054173,-179.9984789836824
630957.344480182,14.000164685167093,-179.99851360596296
645654.2290346441,14.000164685274935,-179.99854744076987
660693.4480075843,14.000164685377927,-179.99858050511614
676082.9753919698,14.000164685476285,-179.99861281620048
691830.9709189242,14.000164685570207,-179.99864439288618
707945.7843841253,14.000164685659907,-179.9986752500933
724435.9600749771,14.000164685745569,-179.99870540517236
741310.2413009043,14.000164685827379,-179.99873487385224
758577.5750291703,14.000164685905505,-179.99876367117534
776247.1166286779,14.000164685980113,-179.9987918135563
794328.2347242674,14.000164686051361,-179.9988193157933
812830.5161640848,14.00016468611941,-179.998846191444
831763.7711026561,14.000164686184391,-179.99887245502373
851138.0382023612,14.000164686246448,-179.99889812112198
870963.5899560649,14.000164686305716,-179.99892320236162
891250.9381337294,14.000164686362307,-179.99894771411851
912010.8393558932,14.000164686416364,-179.99897166661694
933254.3007969741,14.000164686467972,-179.9989950742785
954992.5860214186,14.00016468651727,-179.99901794929804
977237.2209557928,14.00016468656434,-179.99904030413893
999999.9999999817,14.000164686609303,-179.9990621489388
1023292.9922807354,14.000164686652232,-179.9990834970422
1047128.5480508803,14.000164686693235,-179.99910435916712
1071519.3052375866,14.000164686732393,-179.99912474646283
1096478.1961431648,14.000164686769786,-179.9991446696141
1122018.4543019426,14.000164686805492,-179.99916413912544
1148153.6214968613,14.000164686839597,-179.99918316555548
1174897.5549395075,14.000164686872164,-179.99920175946903
1202264.4346173904,14.000164686903272,-179.9992199290885
1230268.7708123585,14.000164686932967,-179.99923768594073
1258925.4117941435,14.000164686961337,-179.99925503801134
1288249.5516931096,14.000164686988422,-179.99927199542378
1318256.738556382,14.000164687014296,-179.99928856700745
1348962.882591628,14.000164687038998,-179.99930476132926
1380384.2646028586,14.000164687062593,-179.99932058692465
1412537.5446227274,14.000164687085126,-179.99933605227994
1445439.7707459,14.00016468710664,-179.99935116587926
1479108.3881681792,14.00016468712719,-179.99936593498649
1513561.2484361792,14.000164687146821,-179.99938036790718
1548816.6189124517,14.00016468716556,-179.99939447172093
1584893.1924610832,14.000164687183458,-179.9994082556244
1621810.097358899,14.00016468720054,-179.99942172619845
1659586.907437529,14.000164687216863,-179.99943488886944
1698243.6524617118,14.000164687232457,-179.99944775241786
1737800.8287493421,14.000164687247336,-179.99946032366125
1778279.4100388887,14.000164687261558,-179.9994726062668
1819700.8586099485,14.000164687275136,-179.99948461255383
1862087.1366628318,14.000164687288104,-179.99949634423555
1905460.7179632105,14.000164687300487,-179.9995078088022
1949844.5997580078,14.00016468731231,-179.99951901165377
1995262.3149688412,14.000164687323602,-179.9995299606067
2041737.94466949,14.000164687334387,-179.99954065999196
2089296.1308539992,14.000164687344682,-179.99955111676067
2137962.0895021907,14.000164687354516,-179.99956133374903
2187761.62394951,14.000164687363913,-179.99957131889732
2238721.138568296,14.00016468737288,-179.99958107771468
2290867.6527677285,14.00016468738145,-179.99959061285568
2344228.8153198767,14.00016468738963,-179.99959992985782
2398832.919019444,14.00016468739744,-179.99960903918213
2454708.9156849827,14.000164687404899,-179.999617937869
2511886.431509531,14.000164687412024,-179.99962663442741
2570395.7827688134,14.000164687418835,-179.9996351337545
2630267.99189533,14.000164687425332,-179.9996434379432
2691534.803926863,14.000164687431528,-179.99965155571536
2754228.703338112,14.000164687437465,-179.99965948647554
2818382.931264398,14.000164687443117,-179.99966723743873
2884031.503126549,14.000164687448525,-179.99967481064675
2951209.2266663276,14.000164687453688,-179.99968221436694
3019951.7204019567,14.000164687458616,-179.99968944794475
3090295.4325135294,14.000164687463323,-179.99969651826288
3162277.6601683167,14.000164687467818,-179.99970342409512
3235936.5692962185,14.000164687472111,-179.99971017626177
3311311.2148258453,14.000164687476213,-179.99971677335753
3388441.561391958,14.000164687480128,-179.9997232211728
3467368.5045252475,14.000164687483869,-179.9997295202453
3548133.892335684,14.00016468748744,-179.99973567665543
3630780.547700941,14.000164687490852,-179.99974169493947
3715352.290971651,14.000164687494108,-179.99974757496247
3801893.963205536,14.000164687497215,-179.99975332078515
3890451.449942728,14.00016468750019,-179.99975893463926
3981071.7055348926,14.000164687503027,-179.99976442259592
4073802.7780410456,14.00016468750573,-179.99976978644312
4168693.8347032703,14.00016468750832,-179.99977502529
4265795.188015841,14.00016468751079,-179.9997801457309
4365158.322401572,14.000164687513145,-179.99978514899112
4466835.921509542,14.000164687515406,-179.9997900379961
4570881.896148658,14.000164687517556,-179.99979481953952
4677351.412871888,14.00016468751961,-179.99979949222825
4786300.923226287,14.00016468752157,-179.99980405435085
4897788.193684363,14.000164687523446,-179.99980851620444
5011872.3362726215,14.000164687525231,-179.9998128767139
5128613.839913545,14.000164687526945,-179.9998171335011
5248074.60249762,14.000164687528574,-179.99982129560672
5370317.963702418,14.000164687530138,-179.99982536464302
5495408.738576134,14.000164687531624,-179.9998293410625
5623413.251903377,14.000164687533047,-179.9998332244252
5754399.373371452,14.000164687534404,-179.999837020664
5888436.55355577,14.0001646875357,-179.99984072903172
6025595.860743455,14.000164687536936,-179.99984435602667
6165950.018614695,14.000164687538119,-179.99984789641317
6309573.444801803,14.00016468753925,-179.9998513604667
6456542.290346422,14.000164687540323,-179.99985474280308
6606934.480075824,14.000164687541359,-179.9998580516934
6760829.753919679,14.000164687542343,-179.99986128308527
6918309.709189222,14.000164687543284,-179.99986444105627
7079457.843841233,14.000164687544174,-179.99986752682995
7244359.600749752,14.000164687545036,-179.9998705401706
7413102.413009022,14.000164687545848,-179.99987348871772
7585775.750291681,14.000164687546635,-179.99987636953276
7762471.166286756,14.000164687547386,-179.9998791792987
7943282.34724265,14.000164687548093,-179.99988193196958
8128305.161640823,14.000164687548772,-179.9998846151448
8317637.711026536,14.000164687549423,-179.99988724329475
8511380.382023586,14.000164687550045,-179.99988981279932
8709635.899560623,14.000164687550633,-179.9998923216664
8912509.381337266,14.000164687551202,-179.99989476927132
9120108.393558905,14.000164687551745,-179.9998971647495
9332543.007969713,14.00016468755226,-179.99989950901337
9549925.860214157,14.000164687552754,-179.99990179475418
9772372.2095579,14.000164687553225,-179.99990403082666
9999999.999999788,14.000164687553674,-179.999906216138
10232929.922807323,14.000164687554097,-179.9999083480405
10471285.48050877,14.000164687554513,-179.99991044005594
10715193.052375834,14.000164687554902,-179.9999124760482
10964781.961431615,14.000164687555278,-179.99991446297753
11220184.543019393,14.000164687555632,-179.9999164123904
11481536.21496858,14.000164687555976,-179.9999183163024
11748975.549395043,14.000164687556303,-179.99992018290777
12022644.346173871,14.000164687556612,-179.99992199075183
12302687.708123552,14.000164687556907,-179.99992376786167
12589254.117941402,14.000164687557191,-179.99992550396476
12882495.516931063,14.00016468755747,-179.9999272005714
13182567.385563787,14.000164687557719,-179.99992886379005
13489628.825916246,14.00016468755797,-179.9999304720823
13803842.64602855,14.000164687558208,-179.99993206073697
14125375.446227238,14.00016468755843,-179.99993360195435
14454397.707458962,14.000164687558645,-179.99993512717325
14791083.881681753,14.000164687558854,-179.9999365922169
15135612.484361753,14.00016468755905,-179.99993803679536
15488166.189124476,14.000164687559234,-179.99993945379063
15848931.92461079,14.000164687559417,-179.9999408310992
16218100.973588945,14.000164687559584,-179.99994217575224
16595869.074375244,14.000164687559744,-179.999943493523
16982436.524617072,14.000164687559904,-179.99994477681219
17378008.287493374,14.000164687560051,-179.9999460327565
17782794.10038884,14.000164687560195,-179.99994725711653
18197008.58609944,14.000164687560329,-179.99994846825538
18620871.366628267,14.000164687560456,-179.9999496357235
19054607.179632053,14.00016468756058,-179.9999507841857
19498445.997580025,14.000164687560702,-179.9999519092128
19952623.14968836,14.000164687560812,-179.99995299647267
20417379.446694847,14.000164687560924,-179.99995406756068
20892961.30853994,14.000164687561028,-179.9999551109931
21379620.895021852,14.00016468756112,-179.99995613202597
21877616.239495046,14.000164687561224,-179.99995713241273
22387211.385682903,14.000164687561305,-179.99995811386702
22908676.527677227,14.000164687561396,-179.99995906180857
23442288.153198704,14.000164687561478,-179.99995999412872
23988329.190194376,14.00016468756155,-179.99996090603003
24547089.15684976,14.000164687561629,-179.9999617892171
25118864.315095246,14.000164687561698,-179.99996266493366
25703957.82768807,14.000164687561764,-179.99996351149412
26302679.918953236,14.000164687561833,-179.99996434713842
26915348.03926856,14.000164687561895,-179.9999651501138
27542287.033381052,14.000164687561954,-179.9999659548494
28183829.31264391,14.00016468756201,-179.9999667134153
28840315.03126542,14.000164687562066,-179.99996748282933
29512092.2666632,14.000164687562116,-179.99996822842022
30199517.20401949,14.000164687562162,-179.99996893813835
30902954.325135216,14.000164687562213,-179.9999696630428
31622776.601683088,14.000164687562258,-179.99997034467086
32359365.692962103,14.000164687562302,-179.99997100098946
33113112.14825837,14.000164687562345,-179.9999716853832
33884415.6139195,14.00016468756238,-179.99997232704175
34673685.04525239,14.00016468756242,-179.99997295371108
35481338.92335676,14.000164687562453,-179.99997356541928
36307805.477009326,14.000164687562489,-179.99997416427607
37153522.90971643,14.000164687562522,-179.99997476410726
38018939.632055275,14.000164687562549,-179.99997532648902
38904514.49942719,14.000164687562584,-179.99997589184028
39810717.055348836,14.000164687562606,-179.99997644140822
40738027.780410364,14.000164687562638,-179.99997697613455
41686938.34703261,14.000164687562668,-179.99997749693952
42657951.88015831,14.000164687562686,-179.99997802443886
43651583.22401562,14.000164687562712,-179.99997850728533
44668359.21509531,14.000164687562735,-179.99997896605416
45708818.96148648,14.000164687562755,-179.99997947939727
46773514.12871877,14.000164687562775,-179.99997995752892
47863009.23226276,14.000164687562798,-179.9999804071208
48977881.93684352,14.000164687562815,-179.99998086251884
50118723.36272611,14.000164687562835,-179.99998129679585
51286138.39913534,14.000164687562853,-179.99998172454616
52480746.02497608,14.000164687562863,-179.99998214063066
53703179.63702407,14.000164687562881,-179.99998253297053
54954087.38576122,14.000164687562897,-179.9999829267972
56234132.51903364,14.000164687562911,-179.99998332384595
57543993.733714394,14.000164687562924,-179.99998369814384
58884365.53555757,14.000164687562934,-179.9999840839052
60255958.607434414,14.00016468756295,-179.99998440877098
61659500.186146826,14.000164687562966,-179.9999847788687
63095734.4480179,14.000164687562975,-179.99998513565714
64565422.903464094,14.000164687562984,-179.99998549252362
66069344.80075811,14.000164687562995,-179.99998580474593
67608297.53919666,14.000164687563,-179.99998611819436
69183097.0918921,14.000164687563018,-179.99998643342346
70794578.4384122,14.000164687563021,-179.99998676482147
72443596.00749739,14.000164687563029,-179.99998703405222
74131024.13009009,14.000164687563037,-179.99998734608545
75857757.50291668,14.000164687563043,-179.99998766199397
77624711.66286743,14.000164687563055,-179.99998791725267
79432823.47242635,14.000164687563059,-179.99998815177733
81283051.61640808,14.000164687563071,-179.99998847049218
83176377.11026521,14.000164687563075,-179.99998872997332
85113803.82023571,14.000164687563078,-179.99998895625802
87096358.99560608,14.000164687563085,-179.99998926808524
89125093.81337252,14.00016468756309,-179.9999894569811
91201083.9355889,14.000164687563096,-179.99998971842416
93325430.07969697,14.0001646875631,-179.99998993663326
95499258.60214141,14.000164687563107,-179.99999016318304
97723722.09557883,14.000164687563109,-179.99999043789893
100000000.0,14.000164687563114,-179.999990591693
